iter,train_ll,test_ll,train_auc,test_auc
0,-3761.709716796875,-940.6007080078125,0.5,0.5
10,-2762.96142578125,-707.0166015625,0.8902924208103332,0.8691553057996569
20,-2339.17138671875,-612.1329345703125,0.9046843775886462,0.8792665969006694
30,-2108.59423828125,-563.276611328125,0.9188528952519187,0.8914063582627312
40,-1963.8035888671875,-534.7871704101562,0.9278477857682185,0.8990519469969561
50,-1862.59619140625,-515.796875,0.9334014353470711,0.9033549799064371
60,-1792.205810546875,-503.0010681152344,0.9372279768057297,0.9062435789000864
70,-1741.06787109375,-493.6199035644531,0.9398961975764772,0.9086256576400935
80,-1702.2626953125,-486.84332275390625,0.9416807782249492,0.9105848397532386
90,-1672.054931640625,-482.0924072265625,0.9428582319866875,0.9119777704507552
100,-1648.285400390625,-478.73858642578125,0.9437459772895544,0.9129573615073279
110,-1629.29931640625,-476.29510498046875,0.944441072331816,0.9137219203807504
120,-1613.83642578125,-474.62652587890625,0.9449974709155287,0.9144195803527484
130,-1601.060302734375,-473.5238952636719,0.945411507700879,0.914899818895117
140,-1590.404296875,-472.78375244140625,0.945761034505509,0.9152749305923898
150,-1581.4580078125,-472.3149108886719,0.9460526489410834,0.9155735864023204
160,-1573.888671875,-472.055419921875,0.9462973470270427,0.9158794099516894
170,-1567.435302734375,-471.95751953125,0.9465194666197504,0.9160729389165245
180,-1561.8951416015625,-471.9869079589844,0.9467147559250219,0.9162616893884008
190,-1557.107666015625,-472.10980224609375,0.9468780834671183,0.9164050441771674
200,-1552.94580078125,-472.3005065917969,0.9470137010402235,0.9165412312264958
210,-1549.3099365234375,-472.5419921875,0.9471299656191124,0.9166917537547009
220,-1546.1175537109375,-472.8200988769531,0.9472541473319992,0.9167610419026047
230,-1543.30126953125,-473.1247253417969,0.9473446079186002,0.9168207730645908
240,-1540.805908203125,-473.4481201171875,0.9474282509731478,0.9169091751843302
250,-1538.5853271484375,-473.78436279296875,0.9475138000043983,0.9170119127829465
260,-1536.60205078125,-474.1285400390625,0.9475847609831908,0.917052529973097
270,-1534.8238525390625,-474.47705078125,0.9476586542338339,0.9171361535998777
280,-1533.22412109375,-474.8272399902344,0.9477194988747407,0.9171815492829871
290,-1531.7803955078125,-475.1769714355469,0.9477674415195032,0.9172221664731376
300,-1530.47314453125,-475.524658203125,0.9478240343662261,0.9172388911984939
310,-1529.2861328125,-475.86907958984375,0.9478678718303974,0.9172627836632884
320,-1528.205078125,-476.2094421386719,0.9479164009295304,0.9173320718111921
330,-1527.218017578125,-476.54498291015625,0.9479570128946654,0.9173750782478222
340,-1526.3145751953125,-476.8753662109375,0.9479976248598008,0.9173894137266989
350,-1525.4857177734375,-477.2001953125,0.9480391165064912,0.9174204739309317
360,-1524.723388671875,-477.51934814453125,0.9480712248832589,0.9174706481070001
370,-1524.0205078125,-477.832763671875,0.9481037731008043,0.9174563126281233
380,-1523.37158203125,-478.1402282714844,0.9481348551824239,0.917470648107
390,-1522.7708740234375,-478.4419250488281,0.9481590464251941,0.9174945405717945
400,-1522.214111328125,-478.73785400390625,0.9481833842815567,0.9175112652971507
410,-1521.696533203125,-479.02813720703125,0.9482132934544362,0.9175494932408217
420,-1521.21533203125,-479.31280517578125,0.948240123741872,0.9175733857056161
430,-1520.766357421875,-479.59197998046875,0.9482612360991988,0.9175972781704106
440,-1520.347412109375,-479.8658447265625,0.948282495070118,0.9176116136492874
450,-1519.95556640625,-480.134521484375,0.9482946639982993,0.9176355061140817
460,-1519.5888671875,-480.39813232421875,0.9483138703789228,0.9176713448112734
470,-1519.24462890625,-480.6568298339844,0.9483299978741031,0.9176904587831091
480,-1518.9215087890625,-480.9107360839844,0.9483475915052084,0.9177000157690268
490,-1518.61767578125,-481.1600341796875,0.9483653317499064,0.9177095727549445
500,-1518.33154296875,-481.4048156738281,0.9483814592450864,0.9177191297408624
510,-1518.061767578125,-481.6452331542969,0.9483991994897847,0.917733465219739
520,-1517.80712890625,-481.88140869140625,0.9484170863480752,0.9177239082338212
530,-1517.566650390625,-482.11346435546875,0.9484311612529597,0.9177071835084651
540,-1517.3389892578125,-482.3415222167969,0.9484452361578444,0.9177262974803007
550,-1517.12353515625,-482.56573486328125,0.9484588712219508,0.9177310759732595
560,-1516.919189453125,-482.78619384765625,0.9484666417423558,0.9177310759732596
570,-1516.725341796875,-483.0030517578125,0.948476318239464,0.917733465219739
580,-1516.5411376953125,-483.21636962890625,0.9484874608724975,0.9177310759732595
590,-1516.365966796875,-483.4262390136719,0.9485008760162155,0.9177262974803007
600,-1516.19921875,-483.6327819824219,0.948509892752157,0.9177167404943829
610,-1516.04052734375,-483.83612060546875,0.9485200090900427,0.91772868672678
620,-1515.8892822265625,-484.03631591796875,0.948531884791039,0.9177334652197391
630,-1515.744873046875,-484.2335205078125,0.9485395086978514,0.9177215189873419
640,-1515.6070556640625,-484.427734375,0.9485459596959235,0.9177095727549445
650,-1515.475341796875,-484.61907958984375,0.9485529971483656,0.9177119620014241
660,-1515.349365234375,-484.8076171875,0.9485628202590661,0.9177047942619857
670,-1515.228759765625,-484.99346923828125,0.9485678051212127,0.9176976265225474
680,-1515.11328125,-485.1766662597656,0.9485752824144328,0.9177000157690268
690,-1515.002685546875,-485.3573303222656,0.9485793875950239,0.9176856802901502
700,-1514.896484375,-485.5354919433594,0.9485870115018363,0.9176880695366296
710,-1514.794677734375,-485.7112121582031,0.9485937557270934,0.9176856802901502
720,-1514.69677734375,-485.88458251953125,0.9486000601115729,0.9176737340577528
730,-1514.602783203125,-486.0556640625,0.9486048983601271,0.9176904587831091
740,-1514.512451171875,-486.2244873046875,0.9486097366086811,0.9176928480295885
750,-1514.425537109375,-486.3911437988281,0.948612962107717,0.9176976265225474
760,-1514.341796875,-486.5556640625,0.9486180935834561,0.9176952372760678
770,-1514.2613525390625,-486.7181091308594,0.94862234537764,0.9176809017971912
780,-1514.18359375,-486.8785400390625,0.9486260107174536,0.9176809017971912
790,-1514.10888671875,-487.0369873046875,0.9486326083291181,0.9176761233042323
800,-1514.03662109375,-487.1935729980469,0.9486352473737841,0.9176713448112733
810,-1513.9669189453125,-487.3482360839844,0.9486380330320423,0.9176593985788762
820,-1513.899658203125,-487.50103759765625,0.9486437509621516,0.917668955564794
830,-1513.834716796875,-487.652099609375,0.948647856142743,0.9176677609415543
840,-1513.7718505859375,-487.8013916015625,0.9486512282553714,0.917668955564794
850,-1513.711181640625,-487.94903564453125,0.9486553334359629,0.9176832910436706
860,-1513.65234375,-488.0950012207031,0.9486589987757765,0.9176809017971911
870,-1513.5955810546875,-488.23931884765625,0.9486589987757765,0.9176737340577528
880,-1513.54052734375,-488.382080078125,0.9486611979796649,0.9176785125507118
890,-1513.487060546875,-488.5232849121094,0.9486657430010337,0.9176809017971912
900,-1513.435546875,-488.6629638671875,0.9486692617272546,0.9176809017971912
910,-1513.385498046875,-488.8011779785156,0.948671754158328,0.9176809017971913
920,-1513.3369140625,-488.93792724609375,0.9486762991796969,0.9176641770718351
930,-1513.2899169921875,-489.07330322265625,0.9486768856340672,0.9176713448112734
940,-1513.2442626953125,-489.20721435546875,0.9486790848379554,0.917668955564794
950,-1513.199951171875,-489.33978271484375,0.948679524678733,0.9176498415929584
960,-1513.15673828125,-489.4710998535156,0.948681430655436,0.9176450630999996
970,-1513.114990234375,-489.60107421875,0.9486843629272871,0.9176474523464789
980,-1513.074462890625,-489.7298278808594,0.9486861955971938,0.9176474523464789
990,-1513.0347900390625,-489.8572692871094,0.9486867087447678,0.9176450630999996
1000,-1512.99658203125,-489.9835205078125,0.948689201175841,0.9176355061140817
1010,-1512.9591064453125,-490.1085510253906,0.9486897876302113,0.9176331168676024
1020,-1512.9228515625,-490.232421875,0.9486903740845813,0.9176331168676023
1030,-1512.8875732421875,-490.35516357421875,0.9486935995836175,0.917625949128164
1040,-1512.85302734375,-490.4767761230469,0.9486956521739132,0.9176235598816845
1050,-1512.819580078125,-490.59735107421875,0.9486975581506162,0.9176187813887257
1060,-1512.7869873046875,-490.7167663574219,0.9487001971952821,0.9176092244028079
1070,-1512.755126953125,-490.8351745605469,0.9487010768768374,0.91759966741689
1080,-1512.72412109375,-490.9525146484375,0.9487013701040223,0.9175924996774517
1090,-1512.6939697265625,-491.06884765625,0.9487015167176148,0.9175829426915338
1100,-1512.66455078125,-491.1841735839844,0.9487012234904298,0.9175805534450545
1110,-1512.6358642578125,-491.29852294921875,0.9487018099448,0.9175805534450545
1120,-1512.60791015625,-491.41192626953125,0.9487018099447999,0.9175805534450544
1130,-1512.58056640625,-491.5243835449219,0.948703129467133,0.9175757749520955
1140,-1512.553955078125,-491.63592529296875,0.948703715921503,0.9175638287196983
1150,-1512.528076171875,-491.74652099609375,0.9487043023758734,0.9175614394732189
1160,-1512.5025634765625,-491.8562316894531,0.9487043023758732,0.9175590502267394
1170,-1512.477783203125,-491.9644775390625,0.9487054752846137,0.9175590502267396
1180,-1512.45361328125,-492.06549072265625,0.9487060617389839,0.9175590502267394
1190,-1512.429931640625,-492.18939208984375,0.9487088473972423,0.9175471039943423
1200,-1512.40673828125,-492.2894287109375,0.9487114864419082,0.917551882487301
1210,-1512.3841552734375,-492.3928527832031,0.9487119262826857,0.9175471039943421
1220,-1512.362060546875,-492.49658203125,0.9487125860438521,0.9175447147478628
1230,-1512.340576171875,-492.60003662109375,0.9487133924186113,0.9175423255013833
1240,-1512.3193359375,-492.70318603515625,0.9487152983953142,0.9175494932408217
1250,-1512.2987060546875,-492.80596923828125,0.9487161780768696,0.9175447147478628
1260,-1512.2784423828125,-492.9080810546875,0.94871793743998,0.9175399362549039
1270,-1512.2587890625,-493.0091247558594,0.9487182306671651,0.9175423255013833
1280,-1512.2393798828125,-493.1091003417969,0.9487191836555168,0.9175399362549038
1290,-1512.220458984375,-493.2086181640625,0.9487194768827019,0.9175399362549039
1300,-1512.201904296875,-493.3075256347656,0.9487199900302759,0.9175375470084245
1310,-1512.183837890625,-493.4055480957031,0.9487196968030905,0.9175375470084245
1320,-1512.166015625,-493.5030212402344,0.9487210163254235,0.9175375470084244
1330,-1512.148681640625,-493.5997619628906,0.9487216027797937,0.9175303792689862
1340,-1512.131591796875,-493.6958923339844,0.9487230689157192,0.9175327685154656
1350,-1512.11474609375,-493.7913818359375,0.948724095210867,0.9175279900225067
1360,-1512.098388671875,-493.88623046875,0.9487249748924224,0.9175256007760273
1370,-1512.082275390625,-493.9803466796875,0.9487260011875702,0.9175208222830683
1380,-1512.066650390625,-494.07354736328125,0.9487276139370882,0.91751365454363
1390,-1512.05126953125,-494.162109375,0.9487271740963105,0.9175160437901094
1400,-1512.0360107421875,-494.25830078125,0.9487277605506806,0.91751365454363
1410,-1512.021240234375,-494.34442138671875,0.9487277605506806,0.9175112652971504
1420,-1512.0067138671875,-494.4341125488281,0.9487279071642731,0.91751365454363
1430,-1511.992431640625,-494.52899169921875,0.9487285669254397,0.9175160437901094
1440,-1511.9783935546875,-494.6239929199219,0.9487301063681614,0.91751365454363
1450,-1511.964599609375,-494.7145690917969,0.9487306928225318,0.9175112652971505
1460,-1511.951171875,-494.8015441894531,0.9487306928225316,0.9175088760506711
1470,-1511.93798828125,-494.8907165527344,0.9487323055720497,0.9175064868041917
1480,-1511.925048828125,-494.9786071777344,0.9487327454128273,0.9174945405717945
1490,-1511.912353515625,-495.066650390625,0.9487327454128273,0.9174873728323562
1500,-1511.8997802734375,-495.1516418457031,0.9487333318671973,0.917492151325315
1510,-1511.887451171875,-495.23956298828125,0.9487337717079752,0.9174873728323562
1520,-1511.8753662109375,-495.32550048828125,0.9487350912303081,0.9174849835858767
1530,-1511.863525390625,-495.4100036621094,0.9487359709118632,0.9174849835858766
1540,-1511.8519287109375,-495.49114990234375,0.9487358242982709,0.9174778158464383
1550,-1511.84033203125,-495.58001708984375,0.9487372904341961,0.9174754265999588
1560,-1511.8291015625,-495.6593322753906,0.9487372904341963,0.9174778158464383
1570,-1511.818115234375,-495.7467041015625,0.9487377302749739,0.9174730373534795
1580,-1511.8072509765625,-495.83599853515625,0.9487393430244918,0.9174706481070001
1590,-1511.796630859375,-495.921142578125,0.9487396362516768,0.9174658696140411
1600,-1511.7861328125,-495.9937744140625,0.9487396362516768,0.9174730373534795
1610,-1511.77587890625,-496.0771789550781,0.9487396362516769,0.9174682588605206
1620,-1511.765625,-496.15972900390625,0.9487394163312881,0.9174682588605206
1630,-1511.755615234375,-496.23944091796875,0.9487391964108993,0.9174658696140412
1640,-1511.745849609375,-496.319580078125,0.9487397828652695,0.9174658696140412
1650,-1511.736328125,-496.402099609375,0.9487396362516769,0.9174610911210823
1660,-1511.726806640625,-496.4792785644531,0.9487397095584732,0.9174610911210822
1670,-1511.717529296875,-496.55902099609375,0.9487394896380843,0.9174610911210822
1680,-1511.708251953125,-496.63836669921875,0.948739343024492,0.9174587018746029
1690,-1511.69921875,-496.7164306640625,0.9487391964108993,0.9174563126281233
1700,-1511.6903076171875,-496.79193115234375,0.9487394896380844,0.9174491448886851
1710,-1511.681640625,-496.86102294921875,0.9487393430244919,0.9174443663957261
1720,-1511.6728515625,-496.94818115234375,0.9487411023876025,0.9174395879027671
1730,-1511.66455078125,-497.02447509765625,0.9487408091604174,0.9174348094098084
1740,-1511.6561279296875,-497.10406494140625,0.9487411023876023,0.9174348094098084
1750,-1511.64794921875,-497.18011474609375,0.9487411023876026,0.9174371986562878
1760,-1511.639892578125,-497.255126953125,0.9487421286827501,0.9174300309168495
1770,-1511.6319580078125,-497.3321228027344,0.9487425685235279,0.9174300309168495
1780,-1511.6240234375,-497.406005859375,0.9487427151371204,0.9174300309168495
1790,-1511.6163330078125,-497.4822998046875,0.9487425685235278,0.91742764167037
1800,-1511.6087646484375,-497.55499267578125,0.9487433015914905,0.9174300309168495
